{"cameraMode":{"drawMode":0,"name":"Shaded","section":"Shading Mode"},"sceneLighting":false,"audioPlay":false,"sceneViewState":{"m_AlwaysRefresh":false,"showFog":true,"showSkybox":false,"showFlares":true,"showImageEffects":true,"showParticleSystems":true,"showVisualEffectGraphs":true,"m_FxEnabled":true},"in2DMode":false,"pivot":{"x":-0.10233545303344727,"y":5.960555076599121,"z":-0.04422461986541748},"rotation":{"x":0.02733314037322998,"y":-0.6186525225639343,"z":0.021543456241488458,"w":0.7848913073539734},"size":2.2198104858398439,"orthographic":false}