{"cameraMode":{"drawMode":0,"name":"Shaded","section":"Shading Mode"},"sceneLighting":true,"audioPlay":false,"sceneViewState":{"m_AlwaysRefresh":false,"showFog":true,"showSkybox":true,"showFlares":true,"showImageEffects":true,"showParticleSystems":true,"showVisualEffectGraphs":true,"m_FxEnabled":true},"in2DMode":false,"pivot":{"x":8.23971939086914,"y":5.420371055603027,"z":-15.56300163269043},"rotation":{"x":0.009222627617418766,"y":-0.13607409596443177,"z":0.0012662915978580714,"w":0.9906526803970337},"size":16.680753707885743,"orthographic":false}