{"cameraMode":{"drawMode":0,"name":"Shaded","section":"Shading Mode"},"sceneLighting":true,"audioPlay":false,"sceneViewState":{"m_AlwaysRefresh":false,"showFog":true,"showSkybox":true,"showFlares":true,"showImageEffects":true,"showParticleSystems":true,"showVisualEffectGraphs":true,"m_FxEnabled":true},"in2DMode":false,"pivot":{"x":0.5668052434921265,"y":5.718563556671143,"z":-9.447039604187012},"rotation":{"x":0.05043661221861839,"y":-0.7325158715248108,"z":0.054598212242126468,"w":0.6766801476478577},"size":0.8660253882408142,"orthographic":false}