{"cameraMode":{"drawMode":0,"name":"Shaded","section":"Shading Mode"},"sceneLighting":false,"audioPlay":false,"sceneViewState":{"m_AlwaysRefresh":false,"showFog":true,"showSkybox":false,"showFlares":true,"showImageEffects":true,"showParticleSystems":true,"showVisualEffectGraphs":true,"m_FxEnabled":true},"in2DMode":false,"pivot":{"x":11.842916488647461,"y":1.3526555299758912,"z":1.3080246448516846},"rotation":{"x":0.010714042000472546,"y":0.6083105206489563,"z":-0.008212690241634846,"w":0.7935840487480164},"size":2.0687625408172609,"orthographic":false}