{"cameraMode":{"drawMode":0,"name":"Shaded","section":"Shading Mode"},"sceneLighting":false,"audioPlay":false,"sceneViewState":{"m_AlwaysRefresh":false,"showFog":true,"showSkybox":false,"showFlares":true,"showImageEffects":true,"showParticleSystems":true,"showVisualEffectGraphs":true,"m_FxEnabled":true},"in2DMode":false,"pivot":{"x":-0.02811110019683838,"y":5.987627029418945,"z":0.03080129623413086},"rotation":{"x":0.02733314037322998,"y":-0.6186525225639343,"z":0.021543456241488458,"w":0.7848913073539734},"size":1.283921241760254,"orthographic":false}