{"cameraMode":{"drawMode":0,"name":"Shaded","section":"Shading Mode"},"sceneLighting":false,"audioPlay":false,"sceneViewState":{"m_AlwaysRefresh":false,"showFog":true,"showSkybox":false,"showFlares":true,"showImageEffects":true,"showParticleSystems":true,"showVisualEffectGraphs":true,"m_FxEnabled":true},"in2DMode":false,"pivot":{"x":-0.024730205535888673,"y":5.917658805847168,"z":0.014241337776184082},"rotation":{"x":0.02733314037322998,"y":-0.6186525225639343,"z":0.021543456241488458,"w":0.7848913073539734},"size":2.170496702194214,"orthographic":false}