{"cameraMode":{"drawMode":0,"name":"Shaded","section":"Shading Mode"},"sceneLighting":true,"audioPlay":false,"sceneViewState":{"m_AlwaysRefresh":false,"showFog":true,"showSkybox":true,"showFlares":true,"showImageEffects":true,"showParticleSystems":true,"showVisualEffectGraphs":true,"m_FxEnabled":true},"in2DMode":false,"pivot":{"x":28.81713104248047,"y":5.692101001739502,"z":0.6662086844444275},"rotation":{"x":0.07942385226488114,"y":0.19019676744937898,"z":-0.015439379028975964,"w":0.978400468826294},"size":9.102998733520508,"orthographic":false}